x;y;clip;entropia;nombre;dominado;nrocorrida;ssim;id
2;23;109.180443105111;7.98618219911029;1000_IM-0003-1001;N;8;0.553813181503453;8123
2;25;0.471743159275137;6.88641900082369;1000_IM-0003-1001;N;8;0.989524537845939;8124
2;2;0.43298574350478;6.8531925085905;1000_IM-0003-1001;N;8;0.991079580692503;8125
2;4;0;7.97209801905558;1000_IM-0003-1001;N;8;0.64248797143906;8126
2;12;0;7.98592088168809;1000_IM-0003-1001;N;8;0.581581455418554;8127
2;7;128;7.9828511619824;1000_IM-0003-1001;N;8;0.61236061042438;8128
2;25;4.75599335994974;7.85129101647868;1000_IM-0003-1001;S;8;0.701895064422644;8129
2;6;128;7.98106651170226;1000_IM-0003-1001;N;8;0.619182978244237;8130
157;2;1.6710214292148;7.1292818497725;1000_IM-0003-1001;S;8;0.913114162596265;8131
2;2;8.17290970274039;7.90999727755238;1000_IM-0003-1001;S;8;0.688369070115816;8132
2;7;0.663033361412424;6.95482339065203;1000_IM-0003-1001;S;8;0.980539830285124;8133
11;2;2.59005947467625;7.38605215151172;1000_IM-0003-1001;S;8;0.85722378428909;8134
2;2;3.61816696966474;7.74444874325319;1000_IM-0003-1001;S;8;0.764912635260538;8135
2;20;3.25509967167743;7.69653739183161;1000_IM-0003-1001;S;8;0.787646398370644;8136
2;2;2.59929068259937;7.61447556688851;1000_IM-0003-1001;S;8;0.83765996027964;8137
2;3;0;7.96902166400668;1000_IM-0003-1001;N;8;0.645809809509489;8138
2;6;0.235105847585075;6.76823333813026;1000_IM-0003-1001;N;8;0.996267916292895;8139
2;8;64;7.98562392537181;1000_IM-0003-1001;N;8;0.605856204872044;8140
7;6;1.41567224427493;6.98055621181544;1000_IM-0003-1001;S;8;0.935610269002306;8141
2;2;0;7.90943591537923;1000_IM-0003-1001;S;2;0.684564241971412;8142
2;7;35.5285796196543;7.9828511619824;1000_IM-0003-1001;N;2;0.61236061042438;8143
3;2;0.0217145475391476;6.64885510646291;1000_IM-0003-1001;S;2;0.999862387148777;8144
2;129;1.42574687546423;7.22326404424886;1000_IM-0003-1001;S;2;0.925536862740186;8145
12;2;3.5610676154627;7.53513467869696;1000_IM-0003-1001;S;2;0.788719141217417;8146
3;2;0;7.93671536544217;1000_IM-0003-1001;S;2;0.650731299590916;8147
2;256;4.72036213172404;7.79989950633613;1000_IM-0003-1001;S;2;0.695678117190815;8148
4;2;0.673351678592162;6.91833318000979;1000_IM-0003-1001;S;2;0.981772469667097;8149
2;10;0;7.98494600489086;1000_IM-0003-1001;S;2;0.595100941494401;8150
3;3;0.397505833802434;6.7533452897948;1000_IM-0003-1001;S;2;0.992152484785318;8151
9;2;1.77400010140428;7.25400829443883;1000_IM-0003-1001;S;2;0.91332284525001;8152
2;26;0;7.98588663620264;1000_IM-0003-1001;S;2;0.545439483203644;8153
2;3;0;7.96902166400668;1000_IM-0003-1001;N;2;0.645809809509489;8154
2;129;0.455527630062903;6.84802138303917;1000_IM-0003-1001;S;2;0.983487207406702;8155
6;256;1.40821517560047;6.98202199014016;1000_IM-0003-1001;S;2;0.934085745435322;8156
2;15;0;7.9857720524844;1000_IM-0003-1001;S;2;0.5720058897768;8157
3;256;0.192218536264988;6.94703583171726;1000_IM-0003-1001;S;2;0.971354363263788;8158
2;5;128;7.97694065885707;1000_IM-0003-1001;N;2;0.635914858267615;8159
2;256;2.1710371162278;7.42667206703825;1000_IM-0003-1001;S;2;0.865622336103861;8160
2;6;124.4596850081;7.98106651170226;1000_IM-0003-1001;N;2;0.619182978244237;8161
2;11;0;7.98567884008192;1000_IM-0003-1001;N;2;0.588747114486885;8162
2;9;0;7.98490246593749;1000_IM-0003-1001;S;2;0.601272001966115;8163
2;2;0.403070453082961;6.83925890055257;1000_IM-0003-1001;S;2;0.992131566634784;8164
2;91;3.88590118647075;7.7256693818506;1000_IM-0003-1001;S;2;0.749090906216178;8165
2;185;1.4812947001061;7.23194863323707;1000_IM-0003-1001;S;1;0.930244882518682;8166
2;185;0.444784322152728;6.89873595445162;1000_IM-0003-1001;N;1;0.989439944935909;8167
2;238;3.35743802564492;7.65432184494858;1000_IM-0003-1001;S;1;0.772003027098552;8168
2;2;8.06912553139206;7.90808290662848;1000_IM-0003-1001;S;1;0.688587393262657;8169
2;4;13.1125094012669;7.97107300152768;1000_IM-0003-1001;N;1;0.643211158051786;8170
7;2;2.23990467834122;7.38786193979872;1000_IM-0003-1001;S;1;0.879559128419108;8171
2;129;2.58782264626305;7.48905724372335;1000_IM-0003-1001;S;1;0.846939761613612;8172
2;23;0;7.98618219911029;1000_IM-0003-1001;N;1;0.553813181503453;8173
3;2;128;7.93671536544217;1000_IM-0003-1001;S;1;0.650731299590916;8174
2;2;8.78632806851527;7.91046978766642;1000_IM-0003-1001;S;1;0.686040096806046;8175
10;2;2.57405203390458;7.40444583393781;1000_IM-0003-1001;S;1;0.856994142588706;8176
2;17;0;7.98399469009326;1000_IM-0003-1001;S;1;0.56739884953463;8177
2;2;2.54737786740829;7.62273138565877;1000_IM-0003-1001;N;1;0.842310579356331;8178
7;2;1.75913586450501;7.28051727658494;1000_IM-0003-1001;S;1;0.913603376248666;8179
2;25;0;7.98669420134631;1000_IM-0003-1001;N;1;0.54831245062003;8180
15;2;5.07242628200089;7.67981061215095;1000_IM-0003-1001;S;1;0.702017670760725;8181
2;18;0;7.98484313895067;1000_IM-0003-1001;S;1;0.565281938451125;8182
5;15;1.47402238841804;7.04542190242872;1000_IM-0003-1001;S;1;0.933387007726989;8183
2;11;72.0061715279823;7.98567884008192;1000_IM-0003-1001;N;6;0.588747114486885;8184
2;8;79.583905792095;7.98562392537181;1000_IM-0003-1001;N;6;0.605856204872044;8185
2;7;64;7.9828511619824;1000_IM-0003-1001;N;6;0.61236061042438;8186
2;2;2.63517564586297;7.62057501432816;1000_IM-0003-1001;S;6;0.834108145225447;8187
2;129;2.09827599990467;7.40186880430049;1000_IM-0003-1001;S;6;0.878705136294369;8188
2;2;6.9053819044516;7.88803635303091;1000_IM-0003-1001;N;6;0.697184785257028;8189
2;16;0;7.98590266688878;1000_IM-0003-1001;S;6;0.567235791348139;8190
2;2;0.903575229311791;7.10372690374116;1000_IM-0003-1001;N;6;0.970297837518723;8191
2;7;1.69073111078779;7.34267870838204;1000_IM-0003-1001;S;6;0.909164107542706;8192
6;2;1.3325010601957;7.15758950843685;1000_IM-0003-1001;S;6;0.945048288103396;8193
2;2;8.73821652314427;7.90975863207727;1000_IM-0003-1001;S;6;0.686094519152623;8194
3;2;0.280396716909799;6.75823538300328;1000_IM-0003-1001;S;6;0.995471921137486;8195
2;12;3.87567194684533;7.80855148868678;1000_IM-0003-1001;N;6;0.747878696798207;8196
2;4;128;7.97209801905558;1000_IM-0003-1001;N;6;0.64248797143906;8197
7;2;0.816559926641041;6.96095288164823;1000_IM-0003-1001;S;6;0.974870477538878;8198
3;2;0.211139874788415;6.72297455766243;1000_IM-0003-1001;N;6;0.996931516757169;8199
4;8;1.72882461767667;7.17297178545747;1000_IM-0003-1001;S;6;0.911845827691603;8200
2;3;128;7.96902166400668;1000_IM-0003-1001;N;6;0.645809809509489;8201
2;2;2.97441411563977;7.69808133349585;1000_IM-0003-1001;N;6;0.805787152356247;8202
4;2;0.021737481347742;6.64876767905649;1000_IM-0003-1001;S;6;0.999863315167694;8203
2;3;0.30657242723094;6.79554591285062;1000_IM-0003-1001;N;6;0.994563263240987;8204
2;2;3.13271347003372;7.71738570457695;1000_IM-0003-1001;N;6;0.794140210397204;8205
2;4;0.824528160547139;7.02977485951746;1000_IM-0003-1001;S;6;0.97261397504003;8206
2;2;0;7.90943591537923;1000_IM-0003-1001;S;5;0.684564241971412;8207
2;23;0;7.98618219911029;1000_IM-0003-1001;N;5;0.553813181503453;8208
2;7;48.6796284039057;7.9828511619824;1000_IM-0003-1001;N;5;0.61236061042438;8209
2;4;95.9138428147908;7.97209801905558;1000_IM-0003-1001;N;5;0.64248797143906;8210
2;8;0;7.98562392537181;1000_IM-0003-1001;N;5;0.605856204872044;8211
2;25;128;7.98669420134631;1000_IM-0003-1001;N;5;0.54831245062003;8212
2;13;3.13712226484684;7.69682424557166;1000_IM-0003-1001;S;5;0.795922589663697;8213
3;2;127.956059472999;7.93671536544217;1000_IM-0003-1001;S;5;0.650731299590916;8214
2;256;2.64916910513722;7.45759739553736;1000_IM-0003-1001;S;5;0.84697712996291;8215
3;2;0.518382348164465;6.87309278870058;1000_IM-0003-1001;S;5;0.988348491236162;8216
2;12;0;7.98592088168809;1000_IM-0003-1001;N;5;0.581581455418554;8217
4;2;0.497868548891937;6.8348802265823;1000_IM-0003-1001;S;5;0.989007577100076;8218
2;9;2.88929332363847;7.66008529340209;1000_IM-0003-1001;S;5;0.813734413377973;8219
2;2;0.0134099084436556;6.64916295353447;1000_IM-0003-1001;N;5;0.999942056129489;8220
2;3;128;7.96902166400668;1000_IM-0003-1001;N;5;0.645809809509489;8221
11;2;0.0615363759427225;6.65313821648911;1000_IM-0003-1001;S;5;0.999241894009547;8222
2;2;0.13767974286074;6.69707590912539;1000_IM-0003-1001;N;5;0.998256940993134;8223
2;256;1.56734490238351;7.19976532174126;1000_IM-0003-1001;S;5;0.927937559163323;8224
3;2;43.8206461903907;7.93671536544217;1000_IM-0003-1001;S;4;0.650731299590916;8225
2;7;92.0894174729477;7.9828511619824;1000_IM-0003-1001;N;4;0.61236061042438;8226
2;2;4.94605710325851;7.84457848787292;1000_IM-0003-1001;N;4;0.721515359627143;8227
2;8;65.7800515695876;7.98562392537181;1000_IM-0003-1001;N;4;0.605856204872044;8228
2;3;0;7.96902166400668;1000_IM-0003-1001;N;4;0.645809809509489;8229
2;129;2.74943275297001;7.54203846523333;1000_IM-0003-1001;S;4;0.829974877764844;8230
2;135;1.78005156958757;7.30341598417138;1000_IM-0003-1001;S;4;0.908511136038354;8231
2;129;2.88117381234592;7.58044826382293;1000_IM-0003-1001;S;4;0.813810815083949;8232
2;2;8.99795351206691;7.91073856610115;1000_IM-0003-1001;S;4;0.685595643732972;8233
2;2;7.66091404365204;7.90924756950322;1000_IM-0003-1001;S;4;0.691399882849416;8234
2;23;0;7.98618219911029;1000_IM-0003-1001;N;4;0.553813181503453;8235
5;2;0.486880242337563;6.82785980461708;1000_IM-0003-1001;S;4;0.989363256386684;8236
2;2;4.18675740094089;7.81025550742758;1000_IM-0003-1001;N;4;0.741307956636424;8237
2;129;1.97235575097056;7.36565291772035;1000_IM-0003-1001;S;4;0.891926550125787;8238
2;2;2.05692296481413;7.49849236368185;1000_IM-0003-1001;N;4;0.885165860995095;8239
2;2;4.75956300597801;7.84332980395169;1000_IM-0003-1001;S;4;0.725636605051617;8240
10;2;1.31916405176626;7.10979850597666;1000_IM-0003-1001;S;4;0.945733125982746;8241
2;11;0;7.98567884008192;1000_IM-0003-1001;N;4;0.588747114486885;8242
2;7;1.37381090298904;7.22715511138823;1000_IM-0003-1001;S;4;0.934081524337391;8243
2;5;0;7.97694065885707;1000_IM-0003-1001;N;4;0.635914858267615;8244
7;2;1.83429102595908;7.29881989745787;1000_IM-0003-1001;S;4;0.90872186940844;8245
2;12;4.46645932982864;7.86984109335199;1000_IM-0003-1001;N;4;0.715724723945478;8246
2;23;115.998308824175;7.98618219911029;1000_IM-0003-1001;N;9;0.553813181503453;8247
2;2;128;7.90943591537923;1000_IM-0003-1001;S;9;0.684564241971412;8248
2;4;128;7.97209801905558;1000_IM-0003-1001;N;9;0.64248797143906;8249
2;2;7.27017921487825;7.90915724883271;1000_IM-0003-1001;S;9;0.694222318131394;8250
2;6;0;7.98106651170226;1000_IM-0003-1001;N;9;0.619182978244237;8251
2;15;64;7.9857720524844;1000_IM-0003-1001;S;9;0.5720058897768;8252
310;2;2.73492870213909;7.28038172728502;1000_IM-0003-1001;S;9;0.837514247312449;8253
2;7;64;7.9828511619824;1000_IM-0003-1001;N;9;0.61236061042438;8254
2;16;0;7.98590266688878;1000_IM-0003-1001;S;9;0.567235791348139;8255
2;21;3.37446356087239;7.71586105438124;1000_IM-0003-1001;S;9;0.779706087131322;8256
2;13;4.48220357934326;7.86424067770001;1000_IM-0003-1001;S;9;0.714374748548345;8257
2;8;0;7.98562392537181;1000_IM-0003-1001;N;9;0.605856204872044;8258
2;2;1.23712955018979;7.24646690161757;1000_IM-0003-1001;N;9;0.949477933448715;8259
2;3;0;7.96902166400668;1000_IM-0003-1001;N;9;0.645809809509489;8260
5;2;1.12120668109483;7.08801541988155;1000_IM-0003-1001;S;9;0.95864763205277;8261
2;2;4.31072260058686;7.81696738862723;1000_IM-0003-1001;S;9;0.737700338191644;8262
2;129;0.568409725868378;6.84802138303917;1000_IM-0003-1001;S;9;0.983487207406702;8263
2;23;0;7.98618219911029;1000_IM-0003-1001;N;3;0.553813181503453;8264
2;2;7.16801635483888;7.9039408092065;1000_IM-0003-1001;N;3;0.695189740697457;8265
2;24;0;7.98624303138085;1000_IM-0003-1001;N;3;0.548656042578864;8266
2;6;47.179450609583;7.98106651170226;1000_IM-0003-1001;N;3;0.619182978244237;8267
2;15;2.44000792493564;7.54474386088506;1000_IM-0003-1001;N;3;0.850076590493047;8268
4;2;128;7.94152366073679;1000_IM-0003-1001;S;3;0.637749883347426;8269
2;129;0.282994812025287;6.85305144372711;1000_IM-0003-1001;N;3;0.992706184265747;8270
2;13;0;7.98479264174734;1000_IM-0003-1001;S;3;0.575104383056243;8271
4;2;0.734840548471027;6.94891461102956;1000_IM-0003-1001;S;3;0.979235303119565;8272
2;2;6.02859353500836;7.87720758846505;1000_IM-0003-1001;N;3;0.706619145476744;8273
8;6;2.03088647657128;7.08333177202401;1000_IM-0003-1001;S;3;0.892548212066639;8274
2;2;8.88860097443941;7.91266884054025;1000_IM-0003-1001;N;3;0.685663810207888;8275
11;2;3.70311026584113;7.55626532200779;1000_IM-0003-1001;S;3;0.782612057689664;8276
2;15;0;7.9857720524844;1000_IM-0003-1001;S;3;0.5720058897768;8277
5;2;0.854861894134466;6.9931203788029;1000_IM-0003-1001;S;3;0.973474487041434;8278
2;11;15.4013513806365;7.98441620413103;1000_IM-0003-1001;S;3;0.591175629352083;8279
8;2;2.13437336511535;7.35559324060156;1000_IM-0003-1001;S;3;0.887868430566204;8280
4;2;0.238996725452878;6.71532699148004;1000_IM-0003-1001;S;3;0.996303461207739;8281
2;199;3.26599099972342;7.61868027749582;1000_IM-0003-1001;S;7;0.783235460929483;8282
2;2;0;7.90943591537923;1000_IM-0003-1001;S;7;0.684564241971412;8283
2;2;7.14271505244222;7.90370356158506;1000_IM-0003-1001;N;7;0.695394566106188;8284
2;5;0;7.97694065885707;1000_IM-0003-1001;N;7;0.635914858267615;8285
2;17;6.07001736528023;7.93043290321197;1000_IM-0003-1001;S;7;0.65556985711168;8286
3;2;0;7.93671536544217;1000_IM-0003-1001;S;7;0.650731299590916;8287
2;25;24.1256745767008;7.98669420134631;1000_IM-0003-1001;N;7;0.54831245062003;8288
2;15;4.71239630163581;7.87578961888883;1000_IM-0003-1001;S;7;0.704557205650743;8289
6;2;1.24902123175846;7.13024907858174;1000_IM-0003-1001;S;7;0.950520082985839;8290
2;256;1.95865503264277;7.35636069045838;1000_IM-0003-1001;S;7;0.894186848629033;8291
2;11;0;7.98567884008192;1000_IM-0003-1001;N;7;0.588747114486885;8292
2;10;2.2174923279151;7.5029595750275;1000_IM-0003-1001;S;7;0.865831997414949;8293
2;8;0;7.98562392537181;1000_IM-0003-1001;N;7;0.605856204872044;8294
3;5;0.41951225852069;6.77462392446232;1000_IM-0003-1001;S;7;0.991075838521983;8295
4;2;1.15071893508244;7.12568156670113;1000_IM-0003-1001;S;7;0.956404285208406;8296
2;14;3.71731386489029;7.78399720471433;1000_IM-0003-1001;N;7;0.757577751238177;8297
2;3;128;7.96902166400668;1000_IM-0003-1001;N;7;0.645809809509489;8298
18;2;0.0441684372171807;6.64117912011401;1000_IM-0003-1001;S;7;0.999592348624271;8299
2;12;95.2994511900373;7.98592088168809;1000_IM-0003-1001;N;10;0.581581455418554;8300
2;3;0;7.96902166400668;1000_IM-0003-1001;N;10;0.645809809509489;8301
2;8;0;7.98562392537181;1000_IM-0003-1001;N;10;0.605856204872044;8302
312;2;3.59834551264535;7.41354421209833;1000_IM-0003-1001;S;10;0.787895665059272;8303
2;23;82.3948835112294;7.98618219911029;1000_IM-0003-1001;N;10;0.553813181503453;8304
2;179;1.70099643932934;7.25722063604556;1000_IM-0003-1001;S;10;0.913720887569257;8305
11;2;3.70034803681758;7.55626532200779;1000_IM-0003-1001;S;10;0.782612057689664;8306
2;256;1.70099643932934;7.35636069045838;1000_IM-0003-1001;S;10;0.894186848629033;8307
3;2;0;7.93671536544217;1000_IM-0003-1001;S;10;0.650731299590916;8308
15;2;5.07926437117741;7.67981061215095;1000_IM-0003-1001;S;10;0.702017670760725;8309
2;129;0.763078665252777;6.94498731406346;1000_IM-0003-1001;S;10;0.979577673973742;8310
3;2;0.289794812319599;6.76322855902142;1000_IM-0003-1001;S;10;0.995254695302066;8311
2;6;110.914326397501;7.98106651170226;1000_IM-0003-1001;N;10;0.619182978244237;8312
2;24;0;7.98624303138085;1000_IM-0003-1001;N;10;0.548656042578864;8313
8;2;1.59152033476926;7.21279461289051;1000_IM-0003-1001;S;10;0.926249341714608;8314
2;129;1.31704364930086;7.1582021519604;1000_IM-0003-1001;S;10;0.940398711601469;8315
20;2;4.92762181075791;7.65909728616748;1000_IM-0003-1001;S;10;0.704019675255553;8316
2;134;1.64140617464066;7.30341598417138;1000_IM-0003-1001;S;10;0.908511136038354;8317
2;2;7.67021525796926;7.91139314124514;1000_IM-0003-1001;S;10;0.691195971470407;8318
2;8;0;7.98562392537181;1000_IM-0003-1001;N;18;0.605856204872044;8319
2;24;0;7.98624303138085;1000_IM-0003-1001;N;18;0.548656042578864;8320
2;2;0;7.90943591537923;1000_IM-0003-1001;S;18;0.684564241971412;8321
7;2;2.92049454487115;7.52219699307014;1000_IM-0003-1001;S;18;0.831318713168655;8322
2;4;0;7.97209801905558;1000_IM-0003-1001;N;18;0.64248797143906;8323
2;2;6.36005169049699;7.87672719252711;1000_IM-0003-1001;S;18;0.703007046881584;8324
2;129;3.75421322960925;7.6818644672713;1000_IM-0003-1001;S;18;0.76344606414503;8325
7;2;1.94236909896615;7.32642660479093;1000_IM-0003-1001;S;18;0.900438266825707;8326
2;15;5.69982079394204;7.92318453723085;1000_IM-0003-1001;N;18;0.667892424088421;8327
2;12;0;7.98592088168809;1000_IM-0003-1001;N;18;0.581581455418554;8328
2;7;0;7.9828511619824;1000_IM-0003-1001;N;18;0.61236061042438;8329
5;2;0.941478397111837;7.02894260723993;1000_IM-0003-1001;S;18;0.968955902767051;8330
3;2;0.251918803421475;6.74445256607716;1000_IM-0003-1001;S;18;0.996139519171079;8331
3;2;0;7.93671536544217;1000_IM-0003-1001;S;18;0.650731299590916;8332
6;2;1.27492369414339;7.13839591333344;1000_IM-0003-1001;S;18;0.948966943508892;8333
2;6;0.473849141358905;6.88917669326802;1000_IM-0003-1001;S;18;0.988738188518581;8334
2;5;0;7.97694065885707;1000_IM-0003-1001;N;18;0.635914858267615;8335
3;2;0.245309559521559;6.7414874827522;1000_IM-0003-1001;S;18;0.996207370867547;8336
8;2;0.348559441153071;6.74675849396862;1000_IM-0003-1001;S;18;0.993349764630413;8337
2;3;0;7.96902166400668;1000_IM-0003-1001;N;18;0.645809809509489;8338
7;2;1.77756129326339;7.28278690914992;1000_IM-0003-1001;S;18;0.913004906757776;8339
10;2;2.36046169289314;7.3632369541;1000_IM-0003-1001;S;18;0.871170467851558;8340
2;129;1.76910909677076;7.30341598417138;1000_IM-0003-1001;S;18;0.908511136038354;8341
2;11;0;7.98567884008192;1000_IM-0003-1001;N;18;0.588747114486885;8342
2;2;83.8562137283132;7.90943591537923;1000_IM-0003-1001;S;12;0.684564241971412;8343
2;2;5.49038975836697;7.82415473852274;1000_IM-0003-1001;S;12;0.712856786784332;8344
2;2;3.25914353629857;7.73661875696774;1000_IM-0003-1001;N;12;0.785761492362209;8345
2;2;8.49130916347954;7.90358588906082;1000_IM-0003-1001;S;12;0.686859397070526;8346
2;240;3.20758339281979;7.5866363321816;1000_IM-0003-1001;S;12;0.797693014445264;8347
2;256;2.61789140269899;7.45759739553736;1000_IM-0003-1001;S;12;0.84697712996291;8348
2;23;109.225347831385;7.98618219911029;1000_IM-0003-1001;N;12;0.553813181503453;8349
2;4;128;7.97209801905558;1000_IM-0003-1001;N;12;0.64248797143906;8350
15;2;3.36144928333719;7.49350269606656;1000_IM-0003-1001;S;12;0.800687990039408;8351
2;2;4.10873592279077;7.80760231767052;1000_IM-0003-1001;S;12;0.744759618540066;8352
7;256;2.13507770882821;7.1852553209731;1000_IM-0003-1001;S;12;0.880570326122091;8353
2;2;6.92787663839709;7.89043304226635;1000_IM-0003-1001;N;12;0.697106015991756;8354
2;2;6.21831171239538;7.88285231494492;1000_IM-0003-1001;N;12;0.704401428191397;8355
2;129;1.34026186825996;7.1582021519604;1000_IM-0003-1001;S;12;0.940398711601469;8356
6;5;3.19839185809118;7.47064835917543;1000_IM-0003-1001;S;12;0.80559168309227;8357
6;2;1.33474875095986;7.15758950843685;1000_IM-0003-1001;S;12;0.945048288103396;8358
3;256;0.449375623869422;6.94703583171726;1000_IM-0003-1001;S;12;0.971354363263788;8359
2;12;128;7.98592088168809;1000_IM-0003-1001;N;12;0.581581455418554;8360
2;9;0;7.98490246593749;1000_IM-0003-1001;S;12;0.601272001966115;8361
2;2;128;7.90943591537923;1000_IM-0003-1001;S;14;0.684564241971412;8362
2;11;87.6633111384331;7.98567884008192;1000_IM-0003-1001;N;14;0.588747114486885;8363
2;8;128;7.98562392537181;1000_IM-0003-1001;N;14;0.605856204872044;8364
2;12;121.744776663683;7.98592088168809;1000_IM-0003-1001;N;14;0.581581455418554;8365
2;23;59.7982503981086;7.98618219911029;1000_IM-0003-1001;N;14;0.553813181503453;8366
2;2;0.875362317219071;7.08886509644607;1000_IM-0003-1001;N;14;0.971709818135236;8367
2;7;128;7.9828511619824;1000_IM-0003-1001;N;14;0.61236061042438;8368
2;4;128;7.97209801905558;1000_IM-0003-1001;N;14;0.64248797143906;8369
2;6;128;7.98106651170226;1000_IM-0003-1001;N;14;0.619182978244237;8370
2;17;4.80975537793067;7.87956032226151;1000_IM-0003-1001;S;14;0.697526055085547;8371
2;129;0.744979736756441;6.94498731406346;1000_IM-0003-1001;S;14;0.979577673973742;8372
3;2;0;7.93671536544217;1000_IM-0003-1001;S;14;0.650731299590916;8373
2;41;3.99854795857614;7.7627753159466;1000_IM-0003-1001;S;14;0.741765374422987;8374
2;2;0.391146703871263;6.83331592024436;1000_IM-0003-1001;S;14;0.992415399407783;8375
2;2;4.65500875941797;7.84414234818023;1000_IM-0003-1001;N;14;0.728183853312098;8376
2;3;0;7.96902166400668;1000_IM-0003-1001;N;14;0.645809809509489;8377
2;2;0.0795129566545452;6.6782620686183;1000_IM-0003-1001;N;14;0.999122038802269;8378
2;2;2.17375108201267;7.51711263534363;1000_IM-0003-1001;N;14;0.874805088615409;8379
2;2;1.96037319474877;7.48858371263251;1000_IM-0003-1001;N;14;0.893100967106875;8380
12;2;4.00435423509268;7.59197040781604;1000_IM-0003-1001;S;14;0.761335960265103;8381
2;2;8.63691187551773;7.9058767237097;1000_IM-0003-1001;S;14;0.686157559116533;8382
2;2;1.80275176271643;7.42676522035542;1000_IM-0003-1001;S;14;0.906042371031034;8383
2;24;0;7.98624303138085;1000_IM-0003-1001;N;14;0.548656042578864;8384
2;2;1.54909996856217;7.37555330889773;1000_IM-0003-1001;N;14;0.926272484138817;8385
2;2;6.16806546260015;7.87742867625895;1000_IM-0003-1001;N;14;0.704839794915946;8386
2;5;0;7.97694065885707;1000_IM-0003-1001;N;14;0.635914858267615;8387
2;2;87.0147633412766;7.90943591537923;1000_IM-0003-1001;S;11;0.684564241971412;8388
3;2;128;7.93671536544217;1000_IM-0003-1001;S;11;0.650731299590916;8389
2;8;72.2847539789025;7.98562392537181;1000_IM-0003-1001;N;11;0.605856204872044;8390
2;24;128;7.98624303138085;1000_IM-0003-1001;N;11;0.548656042578864;8391
2;12;128;7.98592088168809;1000_IM-0003-1001;N;11;0.581581455418554;8392
2;6;128;7.98106651170226;1000_IM-0003-1001;N;11;0.619182978244237;8393
2;256;0.616151122800034;6.97134302724126;1000_IM-0003-1001;N;11;0.982894051090205;8394
2;4;128;7.97209801905558;1000_IM-0003-1001;N;11;0.64248797143906;8395
2;3;128;7.96902166400668;1000_IM-0003-1001;N;11;0.645809809509489;8396
2;25;128;7.98669420134631;1000_IM-0003-1001;N;11;0.54831245062003;8397
2;2;4.03722364243131;7.80553846984541;1000_IM-0003-1001;S;11;0.747359512271522;8398
157;2;0.0555137179279086;6.77076318731475;1000_IM-0003-1001;S;11;0.989755614756947;8399
2;5;128;7.97694065885707;1000_IM-0003-1001;N;11;0.635914858267615;8400
2;23;128;7.98618219911029;1000_IM-0003-1001;N;11;0.553813181503453;8401
2;11;0;7.98567884008192;1000_IM-0003-1001;N;11;0.588747114486885;8402
157;2;2.71752858193315;7.35480230256345;1000_IM-0003-1001;S;11;0.832459157654413;8403
2;2;7.47699931082917;7.90912127574812;1000_IM-0003-1001;S;11;0.692735996484538;8404
2;2;6.25329125238176;7.88465367088256;1000_IM-0003-1001;N;11;0.704042055491393;8405
2;2;4.81892505618032;7.84097759776753;1000_IM-0003-1001;S;11;0.724029048054385;8406
2;2;0;7.90943591537923;1000_IM-0003-1001;S;15;0.684564241971412;8407
2;7;0;7.9828511619824;1000_IM-0003-1001;N;15;0.61236061042438;8408
2;23;128;7.98618219911029;1000_IM-0003-1001;N;15;0.553813181503453;8409
2;53;0.896297270290454;7.04863805652854;1000_IM-0003-1001;S;15;0.969626900139981;8410
2;12;0;7.98592088168809;1000_IM-0003-1001;N;15;0.581581455418554;8411
25;8;0.402366548491557;6.67853445551142;1000_IM-0003-1001;S;15;0.99338678775791;8412
2;6;0;7.98106651170226;1000_IM-0003-1001;N;15;0.619182978244237;8413
2;2;1.92270349460924;7.46154368771781;1000_IM-0003-1001;N;15;0.896130906631394;8414
3;2;64;7.93671536544217;1000_IM-0003-1001;S;15;0.650731299590916;8415
7;3;1.81998334177415;7.21562471817627;1000_IM-0003-1001;S;15;0.909064809467124;8416
2;256;3.26680204404792;7.5866363321816;1000_IM-0003-1001;S;15;0.797693014445264;8417
2;3;1.82564172402041;7.4052577923202;1000_IM-0003-1001;S;15;0.902289224308707;8418
2;4;128;7.97209801905558;1000_IM-0003-1001;N;15;0.64248797143906;8419
5;2;0.0152772028322374;6.64916295353447;1000_IM-0003-1001;N;15;0.999942055348164;8420
2;2;9.72985900916422;7.90934119610349;1000_IM-0003-1001;S;15;0.684625139146029;8421
312;2;1.35712495117755;7.10820558972247;1000_IM-0003-1001;S;15;0.922205054499686;8422
2;3;64;7.96902166400668;1000_IM-0003-1001;N;15;0.645809809509489;8423
2;2;114.026394781211;7.90943591537923;1000_IM-0003-1001;S;19;0.684564241971412;8424
2;25;128;7.98669420134631;1000_IM-0003-1001;N;19;0.54831245062003;8425
2;187;3.14530007984729;7.58064470079022;1000_IM-0003-1001;S;19;0.800606741856124;8426
157;2;0.197770871224492;6.77076318731475;1000_IM-0003-1001;S;19;0.989755614756947;8427
2;134;1.21813034845128;7.1582021519604;1000_IM-0003-1001;S;19;0.940398711601469;8428
2;2;9.23973824637442;7.90707899175719;1000_IM-0003-1001;S;19;0.685138094460807;8429
2;256;1.21813034845127;7.05082835477668;1000_IM-0003-1001;S;19;0.951501067515869;8430
2;8;128;7.98562392537181;1000_IM-0003-1001;N;19;0.605856204872044;8431
2;15;6.05477978017173;7.93194074681973;1000_IM-0003-1001;S;19;0.657921633135956;8432
2;2;2.04225733466501;7.49470498865374;1000_IM-0003-1001;N;19;0.886146367255536;8433
2;22;64;7.98572044834361;1000_IM-0003-1001;S;19;0.554877044821553;8434
2;4;128;7.97209801905558;1000_IM-0003-1001;N;19;0.64248797143906;8435
13;2;4.44300972754505;7.63332152778917;1000_IM-0003-1001;S;19;0.735730247439605;8436
2;6;0.613108553958909;6.94680636919774;1000_IM-0003-1001;N;19;0.982950261941042;8437
2;191;4.17924450206874;7.74285331059775;1000_IM-0003-1001;S;19;0.732938729107189;8438
2;256;0.746671553470847;6.97674946769332;1000_IM-0003-1001;S;19;0.959946373026842;8439
2;3;128;7.96902166400668;1000_IM-0003-1001;N;19;0.645809809509489;8440
11;2;1.30940446726508;7.09564261462294;1000_IM-0003-1001;S;19;0.945583687470599;8441
2;11;0;7.98567884008192;1000_IM-0003-1001;N;19;0.588747114486885;8442
2;2;5.67158265175085;7.84263002799636;1000_IM-0003-1001;S;19;0.710460241443051;8443
2;15;6.24420847601728;7.93694187010996;1000_IM-0003-1001;S;19;0.652843671768306;8444
2;24;86.6326380411992;7.98624303138085;1000_IM-0003-1001;N;17;0.548656042578864;8445
2;6;24.6680177171198;7.98106651170226;1000_IM-0003-1001;N;17;0.619182978244237;8446
2;2;36.700634525445;7.90943591537923;1000_IM-0003-1001;S;17;0.684564241971412;8447
2;2;7.43821270104468;7.90757508355793;1000_IM-0003-1001;S;17;0.692874588866172;8448
2;5;88.6680177171198;7.97694065885707;1000_IM-0003-1001;N;17;0.635914858267615;8449
2;256;4.01258559038209;7.75437752211862;1000_IM-0003-1001;S;17;0.727457824014635;8450
2;2;6.67545797008205;7.87900295381944;1000_IM-0003-1001;S;17;0.699597873679569;8451
2;2;2.54861449890379;7.62174737932796;1000_IM-0003-1001;S;17;0.842252049876081;8452
2;256;1.65752432567244;7.19976532174126;1000_IM-0003-1001;S;17;0.927937559163323;8453
2;2;2.10582782842413;7.51628257222326;1000_IM-0003-1001;N;17;0.880587731893637;8454
157;2;0.391309663455644;6.77076318731475;1000_IM-0003-1001;S;17;0.989755614756947;8455
2;3;128;7.96902166400668;1000_IM-0003-1001;N;17;0.645809809509489;8456
2;2;6.40136351542762;7.87490348851679;1000_IM-0003-1001;S;17;0.702468003943721;8457
2;10;128;7.98494600489086;1000_IM-0003-1001;S;17;0.595100941494401;8458
2;11;128;7.98567884008192;1000_IM-0003-1001;N;17;0.588747114486885;8459
2;256;1.14454055186178;7.05082835477668;1000_IM-0003-1001;S;17;0.951501067515869;8460
2;9;0;7.98490246593749;1000_IM-0003-1001;S;17;0.601272001966115;8461
2;2;0.562415315865906;6.9278848937662;1000_IM-0003-1001;N;17;0.986634536342582;8462
3;2;0;7.93671536544217;1000_IM-0003-1001;S;17;0.650731299590916;8463
7;2;0.872434580439233;6.98824622501664;1000_IM-0003-1001;S;17;0.971832911343648;8464
2;253;3.45830998637803;7.65432184494858;1000_IM-0003-1001;S;17;0.772003027098552;8465
2;129;0.672621487780244;6.94498731406346;1000_IM-0003-1001;S;17;0.979577673973742;8466
8;7;0.366054819776124;6.67262808865514;1000_IM-0003-1001;S;17;0.993043461395875;8467
2;25;0;7.98669420134631;1000_IM-0003-1001;N;17;0.54831245062003;8468
2;23;0;7.98618219911029;1000_IM-0003-1001;N;17;0.553813181503453;8469
2;2;64;7.90943591537923;1000_IM-0003-1001;S;16;0.684564241971412;8470
2;129;1.45010335739659;7.22326404424886;1000_IM-0003-1001;S;16;0.925536862740186;8471
2;6;64;7.98106651170226;1000_IM-0003-1001;N;16;0.619182978244237;8472
3;2;0;7.93671536544217;1000_IM-0003-1001;S;16;0.650731299590916;8473
2;12;128;7.98592088168809;1000_IM-0003-1001;N;16;0.581581455418554;8474
2;2;5.28757416592346;7.8270534201401;1000_IM-0003-1001;S;16;0.715551647983562;8475
2;25;128;7.98669420134631;1000_IM-0003-1001;N;16;0.54831245062003;8476
2;4;0.622807903290578;6.95040540870269;1000_IM-0003-1001;S;16;0.98276986623965;8477
2;65;4.46616620696992;7.79525737583062;1000_IM-0003-1001;S;16;0.718046471920948;8478
2;2;9.71726331989413;7.90889343201882;1000_IM-0003-1001;S;16;0.684649945651146;8479
2;2;6.71137907246717;7.87695502094047;1000_IM-0003-1001;S;16;0.699376192081521;8480
2;23;0;7.98618219911029;1000_IM-0003-1001;N;16;0.553813181503453;8481
4;7;1.53553055546624;7.13176325743274;1000_IM-0003-1001;S;16;0.926991122693438;8482
2;2;8.57518141891578;7.90266376521911;1000_IM-0003-1001;S;16;0.68651332620977;8483
157;2;0.410152756448667;6.74344173629404;1000_IM-0003-1001;S;16;0.983331760711735;8484
2;16;5.63631202968595;7.91683984140374;1000_IM-0003-1001;S;16;0.670214241163567;8485
2;2;1.55943458891627;7.38245706760286;1000_IM-0003-1001;N;16;0.92542434301084;8486
2;9;1.10279886815093;7.12293370204179;1000_IM-0003-1001;S;16;0.954541103969603;8487
2;256;2.61263731334417;7.45759739553736;1000_IM-0003-1001;S;16;0.84697712996291;8488
2;15;6.43172365978121;7.94102305720604;1000_IM-0003-1001;S;16;0.648191403682946;8489
2;5;0;7.97694065885707;1000_IM-0003-1001;N;16;0.635914858267615;8490
2;196;4.05699439416685;7.74285331059775;1000_IM-0003-1001;S;20;0.732938729107189;8491
2;152;2.69329658302547;7.54203846523333;1000_IM-0003-1001;S;20;0.829974877764844;8492
2;2;0;7.90943591537923;1000_IM-0003-1001;S;20;0.684564241971412;8493
2;129;0.967239686968398;7.08230641989251;1000_IM-0003-1001;S;20;0.967080118959973;8494
2;15;0;7.9857720524844;1000_IM-0003-1001;S;20;0.5720058897768;8495
2;2;7.23059102444603;7.90499593706737;1000_IM-0003-1001;S;20;0.694260425665748;8496
2;4;0;7.97209801905558;1000_IM-0003-1001;N;20;0.64248797143906;8497
2;9;64;7.98490246593749;1000_IM-0003-1001;S;20;0.601272001966115;8498
312;2;0.640179530694514;6.698367167291;1000_IM-0003-1001;S;20;0.982496657893091;8499
2;3;0;7.96902166400668;1000_IM-0003-1001;N;20;0.645809809509489;8500
3;2;0;7.93671536544217;1000_IM-0003-1001;S;20;0.650731299590916;8501
2;8;2.77291800692188;7.64509449356208;1000_IM-0003-1001;S;20;0.821897813551447;8502
2;24;0;7.98624303138085;1000_IM-0003-1001;N;20;0.548656042578864;8503
2;2;0.0467367333006408;6.66243045035124;1000_IM-0003-1001;N;20;0.999516945153934;8504
2;256;2.63052252610215;7.45759739553736;1000_IM-0003-1001;S;20;0.84697712996291;8505
2;65;1.96925096360681;7.38851793559843;1000_IM-0003-1001;S;20;0.890083383946405;8506
3;2;0.147513109591998;6.69139290580705;1000_IM-0003-1001;S;20;0.998141940845809;8507
7;5;1.94267903015714;7.21987409528569;1000_IM-0003-1001;S;20;0.893869678993584;8508
2;174;4.65215968877883;7.79377623984474;1000_IM-0003-1001;S;13;0.704382653433594;8509
2;15;0;7.9857720524844;1000_IM-0003-1001;S;13;0.5720058897768;8510
3;2;0;7.93671536544217;1000_IM-0003-1001;S;13;0.650731299590916;8511
2;2;87.5291313528822;7.90943591537923;1000_IM-0003-1001;S;13;0.684564241971412;8512
188;2;0.615883117872272;6.79491717887889;1000_IM-0003-1001;S;13;0.982590643528592;8513
2;16;6.54583136466606;7.94168530486167;1000_IM-0003-1001;S;13;0.645062832389578;8514
2;7;0.0274842498253776;6.65567886927993;1000_IM-0003-1001;N;13;0.999742582516494;8515
2;11;2.92665725527718;7.66183993484795;1000_IM-0003-1001;S;13;0.810374921986621;8516
2;14;3.76418154505838;7.79314216979874;1000_IM-0003-1001;N;13;0.752927345794234;8517
2;18;4.76617126100869;7.86951741247953;1000_IM-0003-1001;S;13;0.701067168872098;8518
2;256;2.33816511805109;7.45759739553736;1000_IM-0003-1001;S;13;0.84697712996291;8519
2;4;0;7.97209801905558;1000_IM-0003-1001;N;13;0.64248797143906;8520
2;2;1.84676009564447;7.45056934298926;1000_IM-0003-1001;N;13;0.902387545973164;8521
2;34;3.73265257453869;7.74084748135517;1000_IM-0003-1001;S;13;0.75778752752432;8522
2;6;0.717360561144503;6.983529455649;1000_IM-0003-1001;S;13;0.977847081431462;8523
2;13;128;7.98479264174734;1000_IM-0003-1001;S;13;0.575104383056243;8524
2;4;0.74548832086063;6.99758134865475;1000_IM-0003-1001;S;13;0.976801647464386;8525
8;2;0.380911129098152;6.7508316618367;1000_IM-0003-1001;S;13;0.992632514220298;8526
2;5;0.644240700156296;6.96312297175709;1000_IM-0003-1001;S;13;0.981711426336402;8527
7;2;1.74155102722057;7.27706781736098;1000_IM-0003-1001;S;13;0.915199524767022;8528
2;129;3.69351124892566;7.6818644672713;1000_IM-0003-1001;S;13;0.76344606414503;8529
2;24;128;7.98624303138085;1000_IM-0003-1001;N;21;0.548656042578864;8530
2;23;94.9624049333555;7.98618219911029;1000_IM-0003-1001;N;21;0.553813181503453;8531
2;3;128;7.96902166400668;1000_IM-0003-1001;N;21;0.645809809509489;8532
2;129;1.83372630375209;7.36565291772035;1000_IM-0003-1001;S;21;0.891926550125787;8533
2;2;7.20442275615532;7.90965901598472;1000_IM-0003-1001;N;21;0.694423169770837;8534
2;8;64;7.98562392537181;1000_IM-0003-1001;N;21;0.605856204872044;8535
2;2;5.68937557110583;7.83894570648886;1000_IM-0003-1001;S;21;0.710336569993113;8536
3;2;98.51821119241;7.93671536544217;1000_IM-0003-1001;S;21;0.650731299590916;8537
2;256;1.93486105356018;7.35636069045838;1000_IM-0003-1001;S;21;0.894186848629033;8538
2;2;7.59820276555306;7.9116534110916;1000_IM-0003-1001;N;21;0.691857006018276;8539
2;10;2.29128405455453;7.5213612908904;1000_IM-0003-1001;N;21;0.860686551036241;8540
8;7;0.203356466851652;6.66120277026015;1000_IM-0003-1001;S;21;0.997182287384744;8541
2;10;2.68809209417007;7.62396597735705;1000_IM-0003-1001;S;21;0.827659223939125;8542
2;12;0;7.98592088168809;1000_IM-0003-1001;N;21;0.581581455418554;8543
2;10;3.21579468519896;7.72443930292362;1000_IM-0003-1001;S;21;0.789291471770878;8544
2;2;0.695390434053006;6.98790513885485;1000_IM-0003-1001;N;21;0.980978003745594;8545
7;2;0.0367691607946128;6.65474565490619;1000_IM-0003-1001;S;21;0.999525353526667;8546
2;4;128;7.97209801905558;1000_IM-0003-1001;N;21;0.64248797143906;8547
9;2;1.53693823112124;7.19552686772829;1000_IM-0003-1001;S;21;0.92962333758493;8548
2;2;71.7438450397054;7.90943591537923;1000_IM-0003-1001;S;29;0.684564241971412;8549
2;4;0;7.97209801905558;1000_IM-0003-1001;N;29;0.64248797143906;8550
2;184;0.406484616478537;6.89873595445162;1000_IM-0003-1001;N;29;0.989439944935909;8551
2;256;0.406484616478537;6.97134302724126;1000_IM-0003-1001;N;29;0.982894051090205;8552
2;2;9.13195018049754;7.90909596859034;1000_IM-0003-1001;S;29;0.685448620463388;8553
2;6;0.0830569504923773;6.6861154721162;1000_IM-0003-1001;N;29;0.999069262731026;8554
2;15;128;7.9857720524844;1000_IM-0003-1001;S;29;0.5720058897768;8555
2;256;2.78360189405984;7.51296256923298;1000_IM-0003-1001;S;29;0.823466543262326;8556
2;129;0.196768630660522;6.85305144372711;1000_IM-0003-1001;N;29;0.992706184265747;8557
2;7;0;7.9828511619824;1000_IM-0003-1001;N;29;0.61236061042438;8558
2;4;0.158015124488792;6.71831383631238;1000_IM-0003-1001;N;29;0.997929652037177;8559
2;13;2.92386738630827;7.65620028997482;1000_IM-0003-1001;S;29;0.810962484001767;8560
2;2;1.08710686322081;7.17950639961617;1000_IM-0003-1001;N;29;0.959100816073493;8561
2;24;0;7.98624303138085;1000_IM-0003-1001;N;29;0.548656042578864;8562
2;2;5.42125077579158;7.81180414352206;1000_IM-0003-1001;S;29;0.713961740888921;8563
2;16;0;7.98590266688878;1000_IM-0003-1001;S;29;0.567235791348139;8564
7;2;1.7364033847517;7.27706781736098;1000_IM-0003-1001;S;29;0.915199524767022;8565
3;2;0.245805098843718;6.7414874827522;1000_IM-0003-1001;S;29;0.996207370867547;8566
2;9;0;7.98490246593749;1000_IM-0003-1001;S;29;0.601272001966115;8567
8;2;2.21283572707723;7.37127938879453;1000_IM-0003-1001;S;29;0.882395390958454;8568
2;11;0.885486824717105;7.04445198482815;1000_IM-0003-1001;S;29;0.968602943660256;8569
2;5;0;7.97694065885707;1000_IM-0003-1001;N;29;0.635914858267615;8570
10;2;2.92599787903963;7.46359621637545;1000_IM-0003-1001;S;29;0.830863097501629;8571
2;3;0;7.96902166400668;1000_IM-0003-1001;N;29;0.645809809509489;8572
2;6;0;7.98106651170226;1000_IM-0003-1001;N;29;0.619182978244237;8573
5;2;0.868914346336304;7.00107200101207;1000_IM-0003-1001;S;29;0.972715624243182;8574
2;23;106.945000658803;7.98618219911029;1000_IM-0003-1001;N;28;0.553813181503453;8575
2;7;64;7.9828511619824;1000_IM-0003-1001;N;28;0.61236061042438;8576
2;129;2.18308532339687;7.40186880430049;1000_IM-0003-1001;S;28;0.878705136294369;8577
2;2;21.7413751498797;7.90943591537923;1000_IM-0003-1001;S;28;0.684564241971412;8578
2;22;64;7.98572044834361;1000_IM-0003-1001;S;28;0.554877044821553;8579
2;256;1.66688636644347;7.35636069045838;1000_IM-0003-1001;S;28;0.894186848629033;8580
2;6;128;7.98106651170226;1000_IM-0003-1001;N;28;0.619182978244237;8581
2;5;109.257418979321;7.97694065885707;1000_IM-0003-1001;N;28;0.635914858267615;8582
2;2;3.38705856302781;7.73876066886236;1000_IM-0003-1001;N;28;0.777772981499556;8583
3;2;64.1833677489026;7.93671536544217;1000_IM-0003-1001;S;28;0.650731299590916;8584
2;2;0.18336774890264;6.71925794100143;1000_IM-0003-1001;N;28;0.99744786539127;8585
2;256;0.25007864369158;6.97134302724126;1000_IM-0003-1001;N;28;0.982894051090205;8586
2;2;0.893911343572519;7.09243933551539;1000_IM-0003-1001;N;28;0.970835252306036;8587
5;2;0.902656727864027;7.01171748748243;1000_IM-0003-1001;S;28;0.971054798482398;8588
2;2;6.92945538904483;7.89043304226635;1000_IM-0003-1001;N;28;0.697106015991756;8589
2;2;4.25975122943923;7.81719324045233;1000_IM-0003-1001;N;28;0.739230970148081;8590
2;11;0;7.98567884008192;1000_IM-0003-1001;N;28;0.588747114486885;8591
2;8;0.727719842793817;6.98062256967783;1000_IM-0003-1001;S;28;0.977458175467268;8592
10;2;3.08123149223124;7.48909768630473;1000_IM-0003-1001;S;28;0.821342678506671;8593
2;9;0;7.98490246593749;1000_IM-0003-1001;S;28;0.601272001966115;8594
2;2;6.37927341822825;7.87559501262375;1000_IM-0003-1001;S;28;0.702833597010445;8595
2;2;128;7.90943591537923;1000_IM-0003-1001;S;26;0.684564241971412;8596
2;2;3.17083723241485;7.72954762797099;1000_IM-0003-1001;N;26;0.791408820533084;8597
131;2;0.285052454450835;6.77076318731475;1000_IM-0003-1001;S;26;0.989755614756947;8598
2;12;0;7.98592088168809;1000_IM-0003-1001;N;26;0.581581455418554;8599
2;9;128;7.98490246593749;1000_IM-0003-1001;S;26;0.601272001966115;8600
2;5;128;7.97694065885707;1000_IM-0003-1001;N;26;0.635914858267615;8601
2;2;4.46253359028128;7.81807414822981;1000_IM-0003-1001;N;26;0.732975698306314;8602
2;10;116.749602464387;7.98494600489086;1000_IM-0003-1001;S;26;0.595100941494401;8603
8;2;2.54676037910731;7.43540740239861;1000_IM-0003-1001;S;26;0.8590177512315;8604
2;8;2.63503257357529;7.61432523720779;1000_IM-0003-1001;S;26;0.833106496102678;8605
2;3;64;7.96902166400668;1000_IM-0003-1001;N;26;0.645809809509489;8606
2;18;3.98291996299151;7.79916082381933;1000_IM-0003-1001;S;26;0.741440674266554;8607
2;256;1.78955620381563;7.35636069045838;1000_IM-0003-1001;S;26;0.894186848629033;8608
2;7;0;7.9828511619824;1000_IM-0003-1001;N;26;0.61236061042438;8609
2;2;4.62411847371462;7.84023143064996;1000_IM-0003-1001;N;26;0.728812417825023;8610
2;11;64;7.98567884008192;1000_IM-0003-1001;N;26;0.588747114486885;8611
2;25;128;7.98669420134631;1000_IM-0003-1001;N;26;0.54831245062003;8612
28;4;0.00607367388637964;6.6582073971001;1000_IM-0003-1001;S;26;0.997550903626222;8613
2;2;0.761027468029572;7.03019324333667;1000_IM-0003-1001;N;26;0.977837126754308;8614
2;13;5.17628457957733;7.90100683254378;1000_IM-0003-1001;S;26;0.686509075638848;8615
2;11;0;7.98567884008192;1000_IM-0003-1001;N;27;0.588747114486885;8616
2;25;128;7.98669420134631;1000_IM-0003-1001;N;27;0.54831245062003;8617
2;10;128;7.98494600489086;1000_IM-0003-1001;S;27;0.595100941494401;8618
2;2;9.12348052077266;7.91105770316016;1000_IM-0003-1001;S;27;0.685484464060023;8619
2;2;0.447522649713108;6.86268520972797;1000_IM-0003-1001;N;27;0.990663941574241;8620
2;4;64;7.97209801905558;1000_IM-0003-1001;N;27;0.64248797143906;8621
2;256;4.54410493653261;7.78063013345825;1000_IM-0003-1001;S;27;0.710023263068228;8622
2;6;64;7.98106651170226;1000_IM-0003-1001;N;27;0.619182978244237;8623
2;23;128;7.98618219911029;1000_IM-0003-1001;N;27;0.553813181503453;8624
2;2;7.90615486804952;7.90733864623669;1000_IM-0003-1001;S;27;0.689494499762403;8625
2;2;3.71624512295666;7.76214954034253;1000_IM-0003-1001;S;27;0.760874999298418;8626
2;2;6.05740935418928;7.8754171854138;1000_IM-0003-1001;S;27;0.706214336520647;8627
2;9;34.6331398545872;7.98490246593749;1000_IM-0003-1001;S;27;0.601272001966115;8628
2;12;0;7.98592088168809;1000_IM-0003-1001;N;27;0.581581455418554;8629
2;2;1.17910745962875;7.23131422449284;1000_IM-0003-1001;N;27;0.95322730699375;8630
2;3;0;7.96902166400668;1000_IM-0003-1001;N;27;0.645809809509489;8631
2;2;7.25690018310326;7.90541727178953;1000_IM-0003-1001;S;27;0.694267863075369;8632
4;4;0.816105723136928;6.86424429266471;1000_IM-0003-1001;S;27;0.973876999656055;8633
2;2;0;7.90943591537923;1000_IM-0003-1001;S;24;0.684564241971412;8634
2;163;4.20455379007421;7.74285331059775;1000_IM-0003-1001;S;24;0.732938729107189;8635
2;2;9.53415655245549;7.90791185616156;1000_IM-0003-1001;S;24;0.684904796031286;8636
2;25;21.3496990343227;7.98599635797307;1000_IM-0003-1001;S;24;0.548906455106053;8637
2;256;2.95550173685843;7.51296256923298;1000_IM-0003-1001;S;24;0.823466543262326;8638
2;129;4.41772328605396;7.78382366172956;1000_IM-0003-1001;S;24;0.715021240330549;8639
2;25;0;7.98669420134631;1000_IM-0003-1001;N;24;0.54831245062003;8640
2;16;0;7.98590266688878;1000_IM-0003-1001;S;24;0.567235791348139;8641
2;2;2.87036944776162;7.6693324153025;1000_IM-0003-1001;N;24;0.814500142788091;8642
9;2;2.81636244581762;7.47037667909626;1000_IM-0003-1001;S;24;0.8374365987439;8643
3;2;128;7.93671536544217;1000_IM-0003-1001;S;24;0.650731299590916;8644
2;5;64;7.97694065885707;1000_IM-0003-1001;N;24;0.635914858267615;8645
2;6;128;7.98106651170226;1000_IM-0003-1001;N;24;0.619182978244237;8646
2;3;128;7.96902166400668;1000_IM-0003-1001;N;24;0.645809809509489;8647
4;5;0.521338204362351;6.75304219773688;1000_IM-0003-1001;S;24;0.988026428311759;8648
2;129;0.924515724175535;7.08230641989251;1000_IM-0003-1001;S;24;0.967080118959973;8649
3;2;0.795160381956336;6.98518501576015;1000_IM-0003-1001;S;24;0.97639348546643;8650
2;8;0;7.98562392537181;1000_IM-0003-1001;N;24;0.605856204872044;8651
2;7;0;7.9828511619824;1000_IM-0003-1001;N;24;0.61236061042438;8652
2;2;1.1430388663219;7.2202820550104;1000_IM-0003-1001;N;24;0.955524287132833;8653
2;2;8.88393151813679;7.91262463732857;1000_IM-0003-1001;S;22;0.685663803941236;8654
2;11;23.3563730418988;7.98567884008192;1000_IM-0003-1001;N;22;0.588747114486885;8655
2;12;128;7.98592088168809;1000_IM-0003-1001;N;22;0.581581455418554;8656
2;205;1.88592412483902;7.30855301005948;1000_IM-0003-1001;S;22;0.896267183023529;8657
2;2;7.18270537640123;7.90658852355024;1000_IM-0003-1001;N;22;0.694897537105228;8658
2;27;4.39372397781496;7.82406783164219;1000_IM-0003-1001;S;22;0.719711362063931;8659
2;58;1.92217717297358;7.38569883258313;1000_IM-0003-1001;S;22;0.892311749761948;8660
2;25;0;7.98669420134631;1000_IM-0003-1001;N;22;0.54831245062003;8661
2;2;1.24776018909782;7.2479308254839;1000_IM-0003-1001;N;22;0.948546660501355;8662
2;256;3.48119054086055;7.65432184494858;1000_IM-0003-1001;S;22;0.772003027098552;8663
2;6;0;7.98106651170226;1000_IM-0003-1001;N;22;0.619182978244237;8664
2;8;0;7.98562392537181;1000_IM-0003-1001;N;22;0.605856204872044;8665
2;4;0;7.97209801905558;1000_IM-0003-1001;N;22;0.64248797143906;8666
10;2;2.80350859659383;7.44584507808417;1000_IM-0003-1001;S;22;0.839656237996398;8667
157;2;1.00096449457628;6.92486473944948;1000_IM-0003-1001;S;22;0.966039071721473;8668
2;7;0;7.9828511619824;1000_IM-0003-1001;N;22;0.61236061042438;8669
2;129;0.551080379590474;6.84802138303917;1000_IM-0003-1001;S;22;0.983487207406702;8670
15;2;1.099354480618;7.03114464922361;1000_IM-0003-1001;S;22;0.95758176546317;8671
12;2;3.24958267616525;7.48902484791222;1000_IM-0003-1001;S;22;0.809868941184294;8672
2;15;5.82467582543756;7.92680632515195;1000_IM-0003-1001;N;22;0.664364560985492;8673
2;3;128;7.96902166400668;1000_IM-0003-1001;N;22;0.645809809509489;8674
26;2;0.820041127635697;6.91938699295844;1000_IM-0003-1001;S;22;0.972722263803007;8675
3;75;2.20797865933296;7.33803255363819;1000_IM-0003-1001;S;23;0.870339330662645;8676
2;256;1.06514462374484;7.05082835477668;1000_IM-0003-1001;S;23;0.951501067515869;8677
2;7;0;7.9828511619824;1000_IM-0003-1001;N;23;0.61236061042438;8678
2;179;2.43905847036317;7.46844093631492;1000_IM-0003-1001;S;23;0.852392947239703;8679
2;105;2.81577846958285;7.54713191069669;1000_IM-0003-1001;S;23;0.827874234752903;8680
2;6;0;7.98106651170226;1000_IM-0003-1001;N;23;0.619182978244237;8681
3;2;76.2361333721011;7.93671536544217;1000_IM-0003-1001;S;23;0.650731299590916;8682
2;2;3.22132284483747;7.72929687110743;1000_IM-0003-1001;S;23;0.788112913370778;8683
2;2;5.97779277958207;7.87027754216115;1000_IM-0003-1001;N;23;0.706935285287424;8684
11;2;0.768871298539075;6.90335679246305;1000_IM-0003-1001;S;23;0.976474637329841;8685
9;2;2.5573322772519;7.4221760983105;1000_IM-0003-1001;S;23;0.856006152989814;8686
2;3;125.964903013618;7.96902166400668;1000_IM-0003-1001;N;23;0.645809809509489;8687
2;12;0;7.98592088168809;1000_IM-0003-1001;N;23;0.581581455418554;8688
2;8;0;7.98562392537181;1000_IM-0003-1001;N;23;0.605856204872044;8689
2;2;9.63542573923303;7.90944416780142;1000_IM-0003-1001;S;23;0.684720824501943;8690
312;2;0.178800476328448;6.698367167291;1000_IM-0003-1001;S;23;0.982496657893091;8691
2;24;64;7.98624303138085;1000_IM-0003-1001;N;23;0.548656042578864;8692
2;14;5.57351616472084;7.92172050007818;1000_IM-0003-1001;N;23;0.672009637314775;8693
2;25;128;7.98669420134631;1000_IM-0003-1001;N;23;0.54831245062003;8694
19;16;0.0394094756866536;6.6570095602784;1000_IM-0003-1001;S;23;0.995651395986967;8695
2;25;0;7.98669420134631;1000_IM-0003-1001;N;30;0.54831245062003;8696
2;2;1.74610281833447;7.43127438432764;1000_IM-0003-1001;N;30;0.910589189176113;8697
2;2;0;7.90943591537923;1000_IM-0003-1001;S;30;0.684564241971412;8698
2;18;8.16089896657975;7.96270678847318;1000_IM-0003-1001;S;30;0.613312300536517;8699
2;24;0;7.98624303138085;1000_IM-0003-1001;N;30;0.548656042578864;8700
2;3;2.64127233098912;7.66289418190265;1000_IM-0003-1001;N;30;0.830880005777148;8701
2;16;7.12866062210992;7.95148973442515;1000_IM-0003-1001;S;30;0.63277518438479;8702
2;2;2.03025530819605;7.48999494063075;1000_IM-0003-1001;N;30;0.887106299078695;8703
2;9;0;7.98490246593749;1000_IM-0003-1001;S;30;0.601272001966115;8704
2;12;0;7.98592088168809;1000_IM-0003-1001;N;30;0.581581455418554;8705
3;2;0;7.93671536544217;1000_IM-0003-1001;S;30;0.650731299590916;8706
8;7;0.587497418969257;6.68750488883607;1000_IM-0003-1001;S;30;0.985290456843079;8707
2;16;6.40030538363885;7.93735406537006;1000_IM-0003-1001;S;30;0.648839302715761;8708
2;2;1.01122870660566;7.1521616679579;1000_IM-0003-1001;N;30;0.963843099111751;8709
2;10;3.56468852504688;7.77939181146706;1000_IM-0003-1001;N;30;0.765755027597501;8710
3;2;0.0773669080364243;6.66505337506526;1000_IM-0003-1001;S;30;0.999107780077536;8711
2;9;2.51623285863903;7.5758404788565;1000_IM-0003-1001;N;30;0.843167617584232;8712
3;3;0.733768630633257;6.88915595088333;1000_IM-0003-1001;S;30;0.978358023965624;8713
2;12;0;7.98592088168809;1000_IM-0003-1001;N;25;0.581581455418554;8714
2;2;8.98104389776015;7.91073856610115;1000_IM-0003-1001;S;25;0.685595643732972;8715
2;11;128;7.98567884008192;1000_IM-0003-1001;N;25;0.588747114486885;8716
2;2;4.70802498260475;7.84165159937438;1000_IM-0003-1001;S;25;0.72685365989095;8717
2;7;64;7.9828511619824;1000_IM-0003-1001;N;25;0.61236061042438;8718
7;7;2.1175486022912;7.24227273729309;1000_IM-0003-1001;S;25;0.878007472679317;8719
2;4;0;7.97209801905558;1000_IM-0003-1001;N;25;0.64248797143906;8720
2;23;128;7.98618219911029;1000_IM-0003-1001;N;25;0.553813181503453;8721
2;14;4.16216982756251;7.83826686543426;1000_IM-0003-1001;N;25;0.730754591492512;8722
2;25;0;7.98669420134631;1000_IM-0003-1001;N;25;0.54831245062003;8723
312;2;2.13687827927063;7.2438078604048;1000_IM-0003-1001;S;25;0.855417190370365;8724
2;8;128;7.98562392537181;1000_IM-0003-1001;N;25;0.605856204872044;8725
2;2;6.34681678337904;7.87662802461571;1000_IM-0003-1001;S;25;0.703065595078955;8726
14;12;1.12968294489806;6.70195868427653;1000_IM-0003-1001;S;25;0.956593657101994;8727
9;2;2.59383874145179;7.42719109202956;1000_IM-0003-1001;S;25;0.854363143263095;8728
2;10;6.32815957698969;7.94547882830793;1000_IM-0003-1001;N;25;0.662015899377692;8729
2;2;8.56440614509752;7.90256475121387;1000_IM-0003-1001;S;25;0.68654498289195;8730
6;2;1.41826229958237;7.18945322294477;1000_IM-0003-1001;S;25;0.939506830930417;8731
2;2;3.57667320595893;7.75234472756851;1000_IM-0003-1001;N;25;0.767494596766599;8732
4;3;3.9670414493772;7.76402348712218;1000_IM-0003-1001;S;25;0.754582659127407;8733
2;2;3.43722083670512;7.75057962912674;1000_IM-0003-1001;N;25;0.774549308721945;8734
2;15;4.82754382808259;7.88403421993847;1000_IM-0003-1001;S;25;0.699297955281882;8735
